Local Time and Weather Around the World Sort By: CityCountryTimeTemperatureCities Shown: Capitals (215)Most Popular (143)Popular (357)Somewhat Popular (471),Local Time and Weather Around the World Sort By: CityCountryTimeTemperatureCities Shown: Capitals (215)Most Popular (143)Popular (357)Somewhat Popular (471).1,Local Time and Weather Around the World Sort By: CityCountryTimeTemperatureCities Shown: Capitals (215)Most Popular (143)Popular (357)Somewhat Popular (471).2,Local Time and Weather Around the World Sort By: CityCountryTimeTemperatureCities Shown: Capitals (215)Most Popular (143)Popular (357)Somewhat Popular (471).3,Local Time and Weather Around the World Sort By: CityCountryTimeTemperatureCities Shown: Capitals (215)Most Popular (143)Popular (357)Somewhat Popular (471).4,Local Time and Weather Around the World Sort By: CityCountryTimeTemperatureCities Shown: Capitals (215)Most Popular (143)Popular (357)Somewhat Popular (471).5,Local Time and Weather Around the World Sort By: CityCountryTimeTemperatureCities Shown: Capitals (215)Most Popular (143)Popular (357)Somewhat Popular (471).6,Local Time and Weather Around the World Sort By: CityCountryTimeTemperatureCities Shown: Capitals (215)Most Popular (143)Popular (357)Somewhat Popular (471).7,Local Time and Weather Around the World Sort By: CityCountryTimeTemperatureCities Shown: Capitals (215)Most Popular (143)Popular (357)Somewhat Popular (471).8,Local Time and Weather Around the World Sort By: CityCountryTimeTemperatureCities Shown: Capitals (215)Most Popular (143)Popular (357)Somewhat Popular (471).9,Local Time and Weather Around the World Sort By: CityCountryTimeTemperatureCities Shown: Capitals (215)Most Popular (143)Popular (357)Somewhat Popular (471).10,Local Time and Weather Around the World Sort By: CityCountryTimeTemperatureCities Shown: Capitals (215)Most Popular (143)Popular (357)Somewhat Popular (471).11
Accra,Sun 11:14,,27 °C,Dublin *,Sun 12:14,,13 °C,Nairobi,Sun 14:14,,27 °C
Addis Ababa,Sun 14:14,,19 °C,Edmonton *,Sun 05:14,,11 °C,Nassau *,Sun 07:14,,26 °C
Adelaide,Sun 20:44,,19 °C,Frankfurt *,Sun 13:14,,17 °C,New Delhi,Sun 16:44,,34 °C
Algiers,Sun 12:14,,26 °C,Guatemala City,Sun 05:14,,17 °C,New Orleans *,Sun 06:14,,24 °C
Almaty,Sun 16:14,,23 °C,Halifax *,Sun 08:14,,14 °C,New York *,Sun 07:14,,18 °C
Amman,Sun 14:14,,33 °C,Hanoi,Sun 18:14,,32 °C,Oslo *,Sun 13:14,,12 °C
Amsterdam *,Sun 13:14,,17 °C,Harare,Sun 13:14,,26 °C,Ottawa *,Sun 07:14,,11 °C
Anadyr,Sun 23:14,,7 °C,Havana *,Sun 07:14,,22 °C,Paris *,Sun 13:14,,15 °C
Anchorage *,Sun 03:14,,8 °C,Helsinki *,Sun 14:14,,15 °C,Perth,Sun 19:14,,14 °C
Ankara,Sun 14:14,,26 °C,Hong Kong,Sun 19:14,,30 °C,Philadelphia *,Sun 07:14,,19 °C
Antananarivo,Sun 14:14,,26 °C,Honolulu,Sun 01:14,,26 °C,Phoenix,Sun 04:14,,27 °C
Asuncion,Sun 08:14,,25 °C,Houston *,Sun 06:14,,24 °C,Prague *,Sun 13:14,,15 °C
Athens *,Sun 14:14,,29 °C,Indianapolis *,Sun 07:14,,19 °C,Reykjavik,Sun 11:14,,9 °C
Atlanta *,Sun 07:14,,15 °C,Islamabad,Sun 16:14,,32 °C,Rio de Janeiro,Sun 08:14,,20 °C
Auckland,Sun 23:14,,14 °C,Istanbul,Sun 14:14,,25 °C,Riyadh,Sun 14:14,,39 °C
Baghdad,Sun 14:14,,40 °C,Jakarta,Sun 18:14,,30 °C,Rome *,Sun 13:14,,26 °C
Bangkok,Sun 18:14,,27 °C,Jerusalem *,Sun 14:14,,32 °C,Salt Lake City *,Sun 05:14,,16 °C
Barcelona *,Sun 13:14,,24 °C,Johannesburg,Sun 13:14,,26 °C,San Francisco *,Sun 04:14,,18 °C
Beijing,Sun 19:14,,31 °C,Karachi,Sun 16:14,,30 °C,San Juan,Sun 07:14,,26 °C
Beirut *,Sun 14:14,,30 °C,Kathmandu,Sun 16:59,,24 °C,San Salvador,Sun 05:14,,23 °C
Belgrade *,Sun 13:14,,23 °C,Kingston,Sun 06:14,,28 °C,Santiago *,Sun 08:14,,8 °C
Bengaluru,Sun 16:44,,28 °C,Kinshasa,Sun 12:14,,29 °C,Santo Domingo,Sun 07:14,,27 °C
Berlin *,Sun 13:14,,18 °C,Kiritimati,Mon 01:14,,26 °C,São Paulo,Sun 08:14,,15 °C
Bogota,Sun 06:14,,6 °C,Kolkata,Sun 16:44,,27 °C,Seattle *,Sun 04:14,,17 °C
Boston *,Sun 07:14,,15 °C,Kuala Lumpur,Sun 19:14,,30 °C,Seoul,Sun 20:14,,25 °C
Brasilia,Sun 08:14,,22 °C,Kuwait City,Sun 14:14,,40 °C,Shanghai,Sun 19:14,,31 °C
Brisbane,Sun 21:14,,17 °C,Kyiv *,Sun 14:14,,21 °C,Singapore,Sun 19:14,,31 °C
Brussels *,Sun 13:14,,17 °C,La Paz,Sun 07:14,,-1 °C,Sofia *,Sun 14:14,,21 °C
Bucharest *,Sun 14:14,,26 °C,Lagos,Sun 12:14,,24 °C,St. John's *,Sun 08:44,,9 °C
Budapest *,Sun 13:14,,18 °C,Lahore,Sun 16:14,,36 °C,Stockholm *,Sun 13:14,,19 °C
Buenos Aires,Sun 08:14,,14 °C,Las Vegas *,Sun 04:14,,25 °C,Suva,Sun 23:14,,22 °C
Cairo *,Sun 14:14,,34 °C,Lima,Sun 06:14,,16 °C,Sydney,Sun 21:14,,19 °C
Calgary *,Sun 05:14,,12 °C,Lisbon *,Sun 12:14,,23 °C,Taipei,Sun 19:14,,30 °C
Canberra,Sun 21:14,,10 °C,London *,Sun 12:14,,15 °C,Tallinn *,Sun 14:14,,16 °C
Cape Town,Sun 13:14,,20 °C,Los Angeles *,Sun 04:14,,20 °C,Tashkent,Sun 16:14,,33 °C
Caracas,Sun 07:14,,26 °C,Madrid *,Sun 13:14,,25 °C,Tegucigalpa,Sun 05:14,,19 °C
Casablanca *,Sun 12:14,,26 °C,Managua,Sun 05:14,,24 °C,Tehran,Sun 14:44,,30 °C
Chicago *,Sun 06:14,,20 °C,Manila,Sun 19:14,,26 °C,Tokyo,Sun 20:14,,29 °C
Copenhagen *,Sun 13:14,,15 °C,Melbourne,Sun 21:14,,14 °C,Toronto *,Sun 07:14,,16 °C
Dallas *,Sun 06:14,,25 °C,Mexico City,Sun 05:14,,15 °C,Vancouver *,Sun 04:14,,16 °C
Dar es Salaam,Sun 14:14,,31 °C,Miami *,Sun 07:14,,24 °C,Vienna *,Sun 13:14,,20 °C
Darwin,Sun 20:44,,27 °C,Minneapolis *,Sun 06:14,,21 °C,Warsaw *,Sun 13:14,,17 °C
Denver *,Sun 05:14,,13 °C,Minsk,Sun 14:14,,22 °C,Washington DC *,Sun 07:14,,19 °C
Detroit *,Sun 07:14,,13 °C,Montevideo,Sun 08:14,,13 °C,Winnipeg *,Sun 06:14,,18 °C
Dhaka,Sun 17:14,,27 °C,Montréal *,Sun 07:14,,15 °C,Yangon,Sun 17:44,,28 °C
Doha,Sun 14:14,,36 °C,Moscow,Sun 14:14,,15 °C,Zagreb *,Sun 13:14,,23 °C
Dubai,Sun 15:14,,39 °C,Mumbai,Sun 16:44,,29 °C,Zürich *,Sun 13:14,,18 °C
